UserLanguage,StartDate,EndDate,Duration (in seconds),Q1,Q2,1_Q1,1_Q2,1_Q5,1_Q3,1_Q3_7_TEXT,1_Q4,1_Q5,1_Q6,2_Q1,2_Q2,2_Q5,2_Q3,2_Q3_7_TEXT,2_Q4,2_Q5,2_Q6,3_Q1,3_Q2,3_Q5,3_Q3,3_Q3_7_TEXT,3_Q4,3_Q5,3_Q6,4_Q1,4_Q2,4_Q5,4_Q3,4_Q3_7_TEXT,4_Q4,4_Q5,4_Q6,5_Q1,5_Q2,5_Q5,5_Q3,5_Q3_7_TEXT,5_Q4,5_Q5,5_Q6,6_Q1,6_Q2,6_Q5,6_Q3,6_Q3_7_TEXT,6_Q4,6_Q5,6_Q6,7_Q1,7_Q2,7_Q5,7_Q3,7_Q3_7_TEXT,7_Q4,7_Q5,7_Q6,8_Q1,8_Q2,8_Q5,8_Q3,8_Q3_7_TEXT,8_Q4,8_Q5,8_Q6,9_Q1,9_Q2,9_Q5,9_Q3,9_Q3_7_TEXT,9_Q4,9_Q5,9_Q6,10_Q1,10_Q2,10_Q5,10_Q3,10_Q3_7_TEXT,10_Q4,10_Q5,10_Q6,11_Q1,11_Q2,11_Q5,11_Q3,11_Q3_7_TEXT,11_Q4,11_Q5,11_Q6,12_Q1,12_Q2,12_Q5,12_Q3,12_Q3_7_TEXT,12_Q4,12_Q5,12_Q6,13_Q1,13_Q2,13_Q5,13_Q3,13_Q3_7_TEXT,13_Q4,13_Q5,13_Q6,14_Q1,14_Q2,14_Q5,14_Q3,14_Q3_7_TEXT,14_Q4,14_Q5,14_Q6,15_Q1,15_Q2,15_Q5,15_Q3,15_Q3_7_TEXT,15_Q4,15_Q5,15_Q6,16_Q1,16_Q2,16_Q5,16_Q3,16_Q3_7_TEXT,16_Q4,16_Q5,16_Q6,17_Q1,17_Q2,17_Q5,17_Q3,17_Q3_7_TEXT,17_Q4,17_Q5,17_Q6,18_Q1,18_Q2,18_Q5,18_Q3,18_Q3_7_TEXT,18_Q4,18_Q5,18_Q6,19_Q1,19_Q2,19_Q5,19_Q3,19_Q3_7_TEXT,19_Q4,19_Q5,19_Q6,20_Q1,20_Q2,20_Q5,20_Q3,20_Q3_7_TEXT,20_Q4,20_Q5,20_Q6,21_Q1,21_Q2,21_Q5,21_Q3,21_Q3_7_TEXT,21_Q4,21_Q5,21_Q6,22_Q1,22_Q2,22_Q5,22_Q3,22_Q3_7_TEXT,22_Q4,22_Q5,22_Q6,23_Q1,23_Q2,23_Q5,23_Q3,23_Q3_7_TEXT,23_Q4,23_Q5,23_Q6,24_Q1,24_Q2,24_Q5,24_Q3,24_Q3_7_TEXT,24_Q4,24_Q5,24_Q6,25_Q1,25_Q2,25_Q5,25_Q3,25_Q3_7_TEXT,25_Q4,25_Q5,25_Q6
ZH-S,2025-03-31 18:02:50,2025-03-31 18:35:54,1983,1995,N,"Yes, I have a guess!",6,3 (Neutral),I did not use any strategies / I'm not sure if I used any strategies / I went with my intuition.,,,3 (Neither easy nor hard),æˆ‘ä¼šçŸ¥é“ç­”æ¡ˆå—ğŸ¤£,"Not yet, but maybe next time.",,,Others,ä¸ç†Ÿæ‚‰ä½¿ç”¨åœºæ™¯&æ²¡åˆ·åˆ°è¿‡ï¼Œæ‰€ä»¥æ— ä»å…¥æ‰‹,,4 (Hard),,"Not yet, but maybe next time.",,,I did not use any strategies / I'm not sure if I used any strategies / I went with my intuition.,,,5 (Very hard),æè¿°çš„çŠ¶æ€å¹¶ä¸é™Œç”Ÿï¼Œä½†æˆ‘ä¸ªäººè§‰å¾—è‡ªå·±å¾ˆéš¾åœ¨æ²¡æœ‰æç¤ºçš„æƒ…å†µä¸‹æƒ³åˆ°æ˜¯å“ªä¸ªå…·ä½“çš„è¯,"Yes, I have a guess!",æ‹çˆ±è„‘,5 (Very confident),I did not use any strategies / I'm not sure if I used any strategies / I went with my intuition.,,,1 (Very easy),social contextå¥½æœ‰æ„æ€å•Šï¼ï¼,"Not yet, but maybe next time.",,,"I did not use any strategies / I'm not sure if I used any strategies / I went with my intuition.,Others",æ–°è¯ï¼Ÿæˆ‘æ„Ÿè§‰æˆ‘çŸ¥é“çš„è¯éƒ½ä¸æ–°äº†æ€ä¹ˆåŠã€‚ã€‚,,4 (Hard),å—¯ ç†¬å¤œè‚¯å®šå·²ç»ä¸æ˜¯æ–°è¯äº†ã€‚ã€‚ï¼ˆçŒœä¸åˆ°çš„æ—¶å€™å¯ä»¥è®©ç”¨æˆ·ä¹Ÿå†™ç‚¹ä»€ä¹ˆè¯ä¸ï¼Ÿï¼‰,"Yes, I have a guess!",æ “Q,4 (Confident),"I recalled similar-sounding or similarly structured words I already know.,Others",ä»å‘éŸ³å…¥æ‰‹æƒ³çš„ï¼Œå¦‚æœæ²¡æœ‰å‘éŸ³çš„æç¤ºå…¶å®æˆ‘æ²¡æ³•æƒ³å‡ºæ¥å“ªæ€•å…¶å®çŸ¥é“,,3 (Neither easy nor hard),æç¤ºæˆ–è€…ç»™ç‚¹contextå¥½æœ‰ç”¨å•Š,"Yes, I have a guess!",ä¸€å¢©éš¾æ±‚ï¼Ÿ,3 (Neutral),"I recalled my past memories of communicating using this term.,Others",å…¶å®æ²¡æœ‰ç”¨åˆ°ï¼Œåªæ˜¯çœ‹åˆ°ï¼ˆåˆ·äº†å¤ªå¤šå†°å¢©å¢©çš„è§†é¢‘ã€‚ã€‚ï¼‰,,3 (Neither easy nor hard),,"Not yet, but maybe next time.",,,"I did not use any strategies / I'm not sure if I used any strategies / I went with my intuition.,Others",æ˜¯ ç‹—ï¼Ÿå—ã€‚ã€‚ï¼ˆä¸è§‰å¾—ç®—â€œçŒœåˆ°â€ï¼Œæ›´åƒæ˜¯ççŒœçŒœçœ‹ï¼‰,,3 (Neither easy nor hard),æˆ‘è§‰å¾—è¿™ä¸ªè¯å…¶å®æ˜¯å¥½çŒœçš„ï¼Œåªæ˜¯æˆ‘ä¸å¤ªåˆ·åˆ°è¿™æ ·çš„æè¿°,"Not yet, but maybe next time.",,,I did not use any strategies / I'm not sure if I used any strategies / I went with my intuition.,,,3 (Neither easy nor hard),,"Yes, I have a guess!",å¦ˆç²‰ï¼ˆä½†å¦‚æœçœŸçš„æ˜¯ï¼Œè¿™ä¸ªpromptå®šä¹‰ä¸å¤ªå¯¹å•Šhhhhhï¼Œè¿½æ˜Ÿäººè¡¨ç¤ºå¹´çºªå°çš„e.g.æœªæˆå¹´å¦ˆç²‰ä¹Ÿå¾ˆæ™®éï¼‰,3 (Neutral),I recalled my past memories of communicating using this term.,,,2 (Easy),,"Yes, I have a guess!",æˆ‘çš„çœ¼ç›å°±æ˜¯å°º,4 (Confident),I did not use any strategies / I'm not sure if I used any strategies / I went with my intuition.,,,3 (Neither easy nor hard),,"Not yet, but maybe next time.",,,"I did not use any strategies / I'm not sure if I used any strategies / I went with my intuition.,Others",æ²¡çŒœåˆ°ä½†æ˜¯å¦‚æœè¯´äº†æˆ‘åº”è¯¥çŸ¥é“ï¼Ÿ,,3 (Neither easy nor hard),æœ‰äº›æ–°è¯å¯èƒ½æ˜¯å¬/çœ‹å¾—å¤šï¼ˆè¢«åŠ¨ï¼‰ï¼Œæœ‰äº›æ˜¯è‡ªå·±ä¼šä¸»åŠ¨ä½¿ç”¨ï¼Œç¬¬ä¸€æ¬¡è¿™ä¹ˆæƒ³è¿˜è›®æœ‰æ„æ€çš„,"Yes, I have a guess!",ä¸å¥³æ— ç“œï¼ˆå¯èƒ½ä¸ªæŠŠå­—æ˜¯é”™çš„ï¼‰,5 (Very confident),I did not use any strategies / I'm not sure if I used any strategies / I went with my intuition.,,,2 (Easy),,"Not yet, but maybe next time.",,,"I did not use any strategies / I'm not sure if I used any strategies / I went with my intuition.,Others",ä»äº‹åŠ³åŠ¨æ˜¯ä»€ä¹ˆæ„æ€ã€‚ã€‚ä¸‹åœ°åŠ³åŠ¨å›å®¶ç§ç”°å—ï¼Ÿ,,4 (Hard),æ„Ÿè§‰promptå¯ä»¥å…·ä½“ä¸€ç‚¹,"Yes, I have a guess!",å¤–å†·å†…çƒ­ï¼Ÿi/eä»€ä¹ˆçš„ï¼Ÿæ…¢çƒ­ï¼Ÿä¸å¤Ÿæ–°è¯åº”è¯¥ä¸å¯¹ï¼Œæ­£ç¡®ç­”æ¡ˆå¬åˆ°äº†åº”è¯¥èƒ½æ‡‚ã€‚ã€‚,1 (Very unconfident),I did not use any strategies / I'm not sure if I used any strategies / I went with my intuition.,,,4 (Hard),,"Yes, I have a guess!",é˜³åº·,4 (Confident),Others,æ²¡çŒœï¼Œæ ¹æ®æç¤ºæ¨æ–­,,1 (Very easy),è¿™ä¸ªå¥½åƒæš´éœ²ç­”æ¡ˆäº†,"Yes, I have a guess!",æ¸£ç”·ï¼ˆç”˜è”—ç”·æ˜¯ä»€ä¹ˆï¼Ÿï¼‰,3 (Neutral),"I did not use any strategies / I'm not sure if I used any strategies / I went with my intuition.,Others",ç”˜è”—ç”·æœ‰ç‚¹å¹²æ‰°æ€è·¯ï¼Œä½†æ˜¯åˆç¡®å®æç¤ºåˆ°äº†ï¼ˆæ²¡æœ‰è¿™ä¸ªæç¤ºæˆ‘ä¼šæƒ³ï¼Œæ˜¯ä¸æ˜¯æœ‰æ›´å…·ä½“çš„è¯æˆ‘ä¸çŸ¥é“ï¼‰,,3 (Neither easy nor hard),è§å…¶ä»–,"Yes, I have a guess!",æ³¨å­¤ç”Ÿï¼ˆæ–°å—ã€‚ã€‚ï¼‰,2 (Unconfident),I recalled my past memories of communicating using this term.,,,3 (Neither easy nor hard),â€œæ–°â€æ€ä¹ˆå®šä¹‰å‘¢,"Yes, I have a guess!",æ¸£ç”·,5 (Very confident),"I did not use any strategies / I'm not sure if I used any strategies / I went with my intuition.,Others",åŸæ¥å¦‚æ­¤ æ˜¯ç”˜è”—æ¸£å•Š,,1 (Very easy),è¿™ä¸ªæç¤ºæ›´åˆ°ä½äº†ï¼ˆä½†å¯èƒ½ä¹Ÿæœ‰æä¾›ç­”æ¡ˆçš„å«Œç–‘ï¼‰,"Not yet, but maybe next time.",,,I did not use any strategies / I'm not sure if I used any strategies / I went with my intuition.,,,4 (Hard),éšçº¦è§‰å¾—æ˜¯æ¯”æˆ‘æ›´å¹´è½»çš„ç¾¤ä½“ä¼šä½¿ç”¨çš„è¯,"Yes, I have a guess!",èµ¢éº»äº†,4 (Confident),I did not use any strategies / I'm not sure if I used any strategies / I went with my intuition.,,,2 (Easy),,"Not yet, but maybe next time.",,,"I recalled my past memories of communicating using this term.,Others",ç»å¯¹çœ‹åˆ°å¬åˆ°è¿‡ï¼Œä¸€æ—¶æƒ³ä¸èµ·æ¥å…·ä½“çš„è¯´æ³•ã€‚ã€‚,,4 (Hard),ä¸»åŠ¨ä½¿ç”¨å’Œè¢«åŠ¨æ¥è§¦çš„åŒºåˆ«ï¼Ÿ,"Yes, I have a guess!",ä¸‹é¥­xx,4 (Confident),I did not use any strategies / I'm not sure if I used any strategies / I went with my intuition.,,,2 (Easy),,"Not yet, but maybe next time.",,,"I did not use any strategies / I'm not sure if I used any strategies / I went with my intuition.,Others",åˆ·åˆ°è¿‡ï¼Œä½†æ˜¯æ²¡æœ‰ç•™æ„å…·ä½“çš„è¯´æ³•,,3 (Neither easy nor hard),ä¸Šä¸€ä¸ªé—®é¢˜â€œä½ è§‰å¾—çŒœè¿™ä¸ªæ–°è¯çš„è¿‡ç¨‹å›°éš¾ä¹ˆï¼Ÿâ€æˆ‘æœ‰æ—¶ä¼šä»è‡ªå·±çš„è§’åº¦é€‰æ‹©ï¼Œæœ‰äº‹ä¼šä»â€œè¿™ä¸ªè¯æˆ‘å¤§æ¦‚è§‰å¾—å¤§å®¶çŒœèµ·æ¥ä¼šæœ‰å¤šéš¾â€çš„è§’åº¦å›ç­”,"Yes, I have a guess!",æ™®ä¿¡ç”·,5 (Very confident),I did not use any strategies / I'm not sure if I used any strategies / I went with my intuition.,,,1 (Very easy),
ZH-S,2025-03-31 18:23:37,2025-03-31 18:47:33,1436,1997,ccc,"Not yet, but maybe next time.",,,I recalled my past memories of communicating using this term.,,,4 (Hard),,"Yes, I have a guess!",ç§‘æŠ€,3 (Neutral),I did not use any strategies / I'm not sure if I used any strategies / I went with my intuition.,,,3 (Neither easy nor hard),,"Not yet, but maybe next time.",,,"I recalled my past memories of communicating using this term.,Others",,,4 (Hard),,"Yes, I have a guess!",æ‹çˆ±è„‘,4 (Confident),I did not use any strategies / I'm not sure if I used any strategies / I went with my intuition.,,,2 (Easy),,"Not yet, but maybe next time.",,,I recalled my past memories of communicating using this term.,,,3 (Neither easy nor hard),,"Yes, I have a guess!",3Q,5 (Very confident),I recalled similar-sounding or similarly structured words I already know.,,,1 (Very easy),,"Not yet, but maybe next time.",,,I did not use any strategies / I'm not sure if I used any strategies / I went with my intuition.,,,4 (Hard),,"Not yet, but maybe next time.",,,I did not use any strategies / I'm not sure if I used any strategies / I went with my intuition.,,,4 (Hard),,"Not yet, but maybe next time.",,,I did not use any strategies / I'm not sure if I used any strategies / I went with my intuition.,,,4 (Hard),,"Yes, I have a guess!",å¦ˆå¦ˆç²‰,3 (Neutral),I recalled my past memories of communicating using this term.,,,3 (Neither easy nor hard),,"Yes, I have a guess!",æˆ‘çš„çœ¼ç› å°±æ˜¯å°º,3 (Neutral),"I recalled similar-sounding or similarly structured words I already know.,I searched online (e.g. Google).",,z,2 (Easy),,"Not yet, but maybe next time.",,,I recalled similar-sounding or similarly structured words I already know.,,,4 (Hard),,"Not yet, but maybe next time.",,,I did not use any strategies / I'm not sure if I used any strategies / I went with my intuition.,,,4 (Hard),,"Yes, I have a guess!",ç‰›é©¬,4 (Confident),I did not use any strategies / I'm not sure if I used any strategies / I went with my intuition.,,,5 (Very hard),,"Not yet, but maybe next time.",,,I did not use any strategies / I'm not sure if I used any strategies / I went with my intuition.,,,4 (Hard),,"Yes, I have a guess!",é˜³åº·,5 (Very confident),I recalled similar-sounding or similarly structured words I already know.,,,1 (Very easy),,"Yes, I have a guess!",æ¸£ç”·,5 (Very confident),I recalled similar-sounding or similarly structured words I already know.,,,1 (Very easy),,"Not yet, but maybe next time.",,,"I recalled similar-sounding or similarly structured words I already know.,I recalled my past memories of communicating using this term.,I searched online (e.g. Google).",,,4 (Hard),,"Yes, I have a guess!",æ¸£ç”·,4 (Confident),I did not use any strategies / I'm not sure if I used any strategies / I went with my intuition.,,,2 (Easy),,"Not yet, but maybe next time.",,,I did not use any strategies / I'm not sure if I used any strategies / I went with my intuition.,,,4 (Hard),,"Yes, I have a guess!",èµ¢éº»äº†,4 (Confident),"I recalled similar-sounding or similarly structured words I already know.,I recalled my past memories of communicating using this term.",,,2 (Easy),,"Not yet, but maybe next time.",,,Others,,,4 (Hard),,"Yes, I have a guess!",ç”µå­æ¦¨èœ,4 (Confident),"I recalled similar-sounding or similarly structured words I already know.,I recalled my past memories of communicating using this term.",,,1 (Very easy),,"Not yet, but maybe next time.",,,Others,,,4 (Hard),,"Yes, I have a guess!",æ™®ä¿¡ç”·,5 (Very confident),"I did not use any strategies / I'm not sure if I used any strategies / I went with my intuition.,I recalled my past memories of communicating using this term.",,,1 (Very easy),
ZH-S,2025-03-31 20:01:23,2025-03-31 20:31:45,1821,1996,Chenghao Yang,"Not yet, but maybe next time.",,,"I did not use any strategies / I'm not sure if I used any strategies / I went with my intuition.,I recalled similar-sounding or similarly structured words I already know.,I recalled my past memories of communicating using this term.",,,3 (Neither easy nor hard),,"Yes, I have a guess!",ä¸‰èŠ±æ·¡å¥¶,3 (Neutral),"I did not use any strategies / I'm not sure if I used any strategies / I went with my intuition.,I recalled similar-sounding or similarly structured words I already know.,I recalled my past memories of communicating using this term.",,,3 (Neither easy nor hard),,"Yes, I have a guess!",æ·¡å®š,4 (Confident),I recalled my past memories of communicating using this term.,,,3 (Neither easy nor hard),,"Yes, I have a guess!",æ‹çˆ±è„‘,4 (Confident),"I recalled similar-sounding or similarly structured words I already know.,I recalled my past memories of communicating using this term.",,,2 (Easy),,"Yes, I have a guess!",å¤œçŒ«å­,4 (Confident),"I recalled similar-sounding or similarly structured words I already know.,I recalled my past memories of communicating using this term.",,,2 (Easy),,"Yes, I have a guess!",ä¸‰å…‹æ²¹,4 (Confident),"I recalled similar-sounding or similarly structured words I already know.,I recalled my past memories of communicating using this term.",,,2 (Easy),,"Not yet, but maybe next time.",,,Others,,,4 (Hard),,"Yes, I have a guess!",æ†¨æ†¨,2 (Unconfident),I asked AI tools to help me guess the neologism (e.g. ChatGPT).,,,4 (Hard),,"Not yet, but maybe next time.",,,Others,,,4 (Hard),,"Yes, I have a guess!",å¦ˆç²‰,3 (Neutral),I asked AI tools to help me guess the neologism (e.g. ChatGPT).,,,4 (Hard),,"Not yet, but maybe next time.",,,Others,,,5 (Very hard),ä¸å¤ªå…³æ³¨è¿™ä¸ªé¢†åŸŸï¼Œæ— æ³•çŒœåˆ°,"Yes, I have a guess!",æ¯ç«¥å¹´,4 (Confident),I asked AI tools to help me guess the neologism (e.g. ChatGPT).,,,3 (Neither easy nor hard),,"Yes, I have a guess!",ä¸ä½ æ— ç“œ,3 (Neutral),"I recalled similar-sounding or similarly structured words I already know.,I recalled my past memories of communicating using this term.",,,3 (Neither easy nor hard),,"Not yet, but maybe next time.",,,Others,,,5 (Very hard),æˆ‘çŒœæ˜¯ç±»ä¼¼äºâ€å†…å·â€œâ€æ‰“å·¥é­‚â€œï¼Œä½†æ˜¯æ„Ÿè§‰ä¸å®Œå…¨å‡†ç¡®,"Yes, I have a guess!",å¤–å†·å†…çƒ­,2 (Unconfident),"I recalled similar-sounding or similarly structured words I already know.,I recalled my past memories of communicating using this term.",,,4 (Hard),,"Yes, I have a guess!",é˜³åº·,4 (Confident),"I recalled similar-sounding or similarly structured words I already know.,I recalled my past memories of communicating using this term.",,,2 (Easy),,"Yes, I have a guess!",æ¸£ç”·,4 (Confident),I recalled similar-sounding or similarly structured words I already know.,,,2 (Easy),,"Yes, I have a guess!",å•èº«è´µæ—,3 (Neutral),I recalled similar-sounding or similarly structured words I already know.,,,2 (Easy),,"Yes, I have a guess!",æ¸£ç”·,3 (Neutral),"I recalled similar-sounding or similarly structured words I already know.,I recalled my past memories of communicating using this term.",,,2 (Easy),,"Yes, I have a guess!",ä¸Šå¤´,3 (Neutral),"I recalled my past memories of communicating using this term.,I asked AI tools to help me guess the neologism (e.g. ChatGPT).",,,3 (Neither easy nor hard),,"Yes, I have a guess!",èµ¢éº»äº†,4 (Confident),"I recalled similar-sounding or similarly structured words I already know.,I recalled my past memories of communicating using this term.",,,2 (Easy),,"Not yet, but maybe next time.",,,Others,,,5 (Very hard),,"Yes, I have a guess!",ç”µå­æ¦¨èœ,4 (Confident),"I recalled similar-sounding or similarly structured words I already know.,I recalled my past memories of communicating using this term.",,,2 (Easy),,"Not yet, but maybe next time.",,,Others,,,5 (Very hard),,"Yes, I have a guess!",æ™®ä¿¡ç”·,4 (Confident),I recalled similar-sounding or similarly structured words I already know.,,,2 (Easy),
ZH-S,2025-03-31 20:36:24,2025-03-31 21:17:20,2456,1997,Zulu,"Yes, I have a guess!",ç»äº†,4 (Confident),I did not use any strategies / I'm not sure if I used any strategies / I went with my intuition.,,,2 (Easy),,"Not yet, but maybe next time.",,,I recalled my past memories of communicating using this term.,,,4 (Hard),,"Not yet, but maybe next time.",,,I recalled my past memories of communicating using this term.,,,4 (Hard),,"Yes, I have a guess!",èˆ”ç‹— æ‹çˆ±è„‘,5 (Very confident),I did not use any strategies / I'm not sure if I used any strategies / I went with my intuition.,,,3 (Neither easy nor hard),,"Yes, I have a guess!",æŠ¥å¤æ€§å¨±ä¹,5 (Very confident),I recalled my past memories of communicating using this term.,,,1 (Very easy),,"Yes, I have a guess!",æ‹´q,5 (Very confident),I recalled similar-sounding or similarly structured words I already know.,,,1 (Very easy),,"Not yet, but maybe next time.",,,I did not use any strategies / I'm not sure if I used any strategies / I went with my intuition.,,,5 (Very hard),,"Yes, I have a guess!",æ— è¯­å­,1 (Very unconfident),I did not use any strategies / I'm not sure if I used any strategies / I went with my intuition.,,,5 (Very hard),,"Not yet, but maybe next time.",,,I recalled my past memories of communicating using this term.,,,5 (Very hard),,"Yes, I have a guess!",å¦ˆå¦ˆç²‰,5 (Very confident),I did not use any strategies / I'm not sure if I used any strategies / I went with my intuition.,,,2 (Easy),,"Yes, I have a guess!",æˆ‘çš„çœ¼ç›å°±æ˜¯å°º,4 (Confident),I recalled similar-sounding or similarly structured words I already know.,,,3 (Neither easy nor hard),,"Yes, I have a guess!",æ¯ç«¥å¹´,2 (Unconfident),I recalled similar-sounding or similarly structured words I already know.,,,4 (Hard),,"Yes, I have a guess!",ä¸å¥³æ— ç“œ,3 (Neutral),I recalled similar-sounding or similarly structured words I already know.,,,2 (Easy),,"Not yet, but maybe next time.",,,I did not use any strategies / I'm not sure if I used any strategies / I went with my intuition.,,,5 (Very hard),,"Yes, I have a guess!",å¤–å†·å†…çƒ­ï¼Ÿ,1 (Very unconfident),I did not use any strategies / I'm not sure if I used any strategies / I went with my intuition.,,,5 (Very hard),,"Not yet, but maybe next time.",,,I recalled similar-sounding or similarly structured words I already know.,,,5 (Very hard),,"Not yet, but maybe next time.",,,"I recalled similar-sounding or similarly structured words I already know.,I recalled my past memories of communicating using this term.",,,5 (Very hard),,"Not yet, but maybe next time.",,,I recalled my past memories of communicating using this term.,,,4 (Hard),,"Yes, I have a guess!",ç”˜è”—ç”·,5 (Very confident),Others,,,1 (Very easy),,"Yes, I have a guess!",å¿ƒæ°´,4 (Confident),I did not use any strategies / I'm not sure if I used any strategies / I went with my intuition.,,,3 (Neither easy nor hard),,"Not yet, but maybe next time.",,,I did not use any strategies / I'm not sure if I used any strategies / I went with my intuition.,,,2 (Easy),,"Not yet, but maybe next time.",,,I did not use any strategies / I'm not sure if I used any strategies / I went with my intuition.,,,4 (Hard),,"Yes, I have a guess!",ä¸‹é¥­å‰§,5 (Very confident),I recalled my past memories of communicating using this term.,,,1 (Very easy),,"Not yet, but maybe next time.",,,I did not use any strategies / I'm not sure if I used any strategies / I went with my intuition.,,,4 (Hard),,"Yes, I have a guess!",æ™®ä¿¡ç”·,5 (Very confident),I recalled my past memories of communicating using this term.,,,1 (Very easy),
ZH-S,2025-04-01 10:28:12,2025-04-01 10:38:10,598,1996,Yue Feng,"Not yet, but maybe next time.",,,I did not use any strategies / I'm not sure if I used any strategies / I went with my intuition.,,,4 (Hard),æœ‰å¾ˆå¤šç­”æ¡ˆä¸çŸ¥é“é€‰å“ªä¸ª,"Not yet, but maybe next time.",,,I did not use any strategies / I'm not sure if I used any strategies / I went with my intuition.,,,4 (Hard),,"Yes, I have a guess!",ä½›ç³»,3 (Neutral),I did not use any strategies / I'm not sure if I used any strategies / I went with my intuition.,,,3 (Neither easy nor hard),,"Yes, I have a guess!",æ‹çˆ±è„‘,3 (Neutral),I did not use any strategies / I'm not sure if I used any strategies / I went with my intuition.,,,3 (Neither easy nor hard),,"Yes, I have a guess!",åˆ·å¤œ,3 (Neutral),I did not use any strategies / I'm not sure if I used any strategies / I went with my intuition.,,,3 (Neither easy nor hard),,"Not yet, but maybe next time.",,,I did not use any strategies / I'm not sure if I used any strategies / I went with my intuition.,,,4 (Hard),,"Not yet, but maybe next time.",,,I did not use any strategies / I'm not sure if I used any strategies / I went with my intuition.,,,4 (Hard),,"Not yet, but maybe next time.",,,I did not use any strategies / I'm not sure if I used any strategies / I went with my intuition.,,,4 (Hard),,"Not yet, but maybe next time.",,,I did not use any strategies / I'm not sure if I used any strategies / I went with my intuition.,,,3 (Neither easy nor hard),,"Yes, I have a guess!",è€é˜¿å§¨,3 (Neutral),I did not use any strategies / I'm not sure if I used any strategies / I went with my intuition.,,,3 (Neither easy nor hard),,"Yes, I have a guess!",æˆ‘çš„çœ¼ç›å°±æ˜¯å°ºï¼,5 (Very confident),I did not use any strategies / I'm not sure if I used any strategies / I went with my intuition.,,,2 (Easy),,"Yes, I have a guess!",å›å¿†æ€,3 (Neutral),I did not use any strategies / I'm not sure if I used any strategies / I went with my intuition.,,,3 (Neither easy nor hard),,"Yes, I have a guess!",ä¸ä½ æ— ç“œ,3 (Neutral),I did not use any strategies / I'm not sure if I used any strategies / I went with my intuition.,,,3 (Neither easy nor hard),,"Yes, I have a guess!",æ‰“å·¥äººæ‰“å·¥é­‚,3 (Neutral),I did not use any strategies / I'm not sure if I used any strategies / I went with my intuition.,,,3 (Neither easy nor hard),,"Not yet, but maybe next time.",,,I did not use any strategies / I'm not sure if I used any strategies / I went with my intuition.,,,3 (Neither easy nor hard),,"Yes, I have a guess!",é˜³åº·,3 (Neutral),I did not use any strategies / I'm not sure if I used any strategies / I went with my intuition.,,,3 (Neither easy nor hard),,"Not yet, but maybe next time.",,,I did not use any strategies / I'm not sure if I used any strategies / I went with my intuition.,,,3 (Neither easy nor hard),,"Not yet, but maybe next time.",,,I did not use any strategies / I'm not sure if I used any strategies / I went with my intuition.,,,3 (Neither easy nor hard),,"Yes, I have a guess!",ç”˜è”—ç”·,3 (Neutral),I did not use any strategies / I'm not sure if I used any strategies / I went with my intuition.,,,3 (Neither easy nor hard),,"Not yet, but maybe next time.",,,I did not use any strategies / I'm not sure if I used any strategies / I went with my intuition.,,,3 (Neither easy nor hard),,"Yes, I have a guess!",èµ¢éº»äº†,3 (Neutral),I did not use any strategies / I'm not sure if I used any strategies / I went with my intuition.,,,3 (Neither easy nor hard),,"Not yet, but maybe next time.",,,I did not use any strategies / I'm not sure if I used any strategies / I went with my intuition.,,,3 (Neither easy nor hard),,"Yes, I have a guess!",ç”µå­æ¦¨èœ,3 (Neutral),I did not use any strategies / I'm not sure if I used any strategies / I went with my intuition.,,,2 (Easy),,"Not yet, but maybe next time.",,,I did not use any strategies / I'm not sure if I used any strategies / I went with my intuition.,,,3 (Neither easy nor hard),,"Yes, I have a guess!",æ™®ä¿¡ç”·,3 (Neutral),I did not use any strategies / I'm not sure if I used any strategies / I went with my intuition.,,,3 (Neither easy nor hard),
ZH-S,2025-04-01 10:52:55,2025-04-01 11:48:21,3325,1997,Chen,"Not yet, but maybe next time.",,,I recalled my past memories of communicating using this term.,,,4 (Hard),,"Yes, I have a guess!",åŠ ç§‘æŠ€,5 (Very confident),I did not use any strategies / I'm not sure if I used any strategies / I went with my intuition.,,,2 (Easy),,"Yes, I have a guess!",ä½›ç³»,4 (Confident),"I did not use any strategies / I'm not sure if I used any strategies / I went with my intuition.,I recalled my past memories of communicating using this term.",,,2 (Easy),,"Yes, I have a guess!",æ‹çˆ±è„‘,5 (Very confident),I did not use any strategies / I'm not sure if I used any strategies / I went with my intuition.,,,2 (Easy),,"Yes, I have a guess!",æŠ¥å¤æ€§ç†¬å¤œ,5 (Very confident),I asked AI tools to help me guess the neologism (e.g. ChatGPT).,,,3 (Neither easy nor hard),,"Yes, I have a guess!",æ “q,5 (Very confident),I asked AI tools to help me guess the neologism (e.g. ChatGPT).,,deepseek,3 (Neither easy nor hard),,"Yes, I have a guess!",ä¸€å¢©éš¾æ±‚,5 (Very confident),I asked AI tools to help me guess the neologism (e.g. ChatGPT).,,deepseek,4 (Hard),,"Yes, I have a guess!",å¿«ä¹ä¿®ç‹—,5 (Very confident),I asked AI tools to help me guess the neologism (e.g. ChatGPT).,,DeepSeek,5 (Very hard),,"Yes, I have a guess!",åŒåä¸€å®ˆå²,4 (Confident),I asked AI tools to help me guess the neologism (e.g. ChatGPT).,,,4 (Hard),,"Yes, I have a guess!",å¦ˆå¦ˆç²‰,5 (Very confident),I asked AI tools to help me guess the neologism (e.g. ChatGPT).,,DeepSeek,5 (Very hard),,"Yes, I have a guess!",æˆ‘çš„çœ¼ç›å°±æ˜¯å°º,3 (Neutral),I did not use any strategies / I'm not sure if I used any strategies / I went with my intuition.,,,3 (Neither easy nor hard),,"Yes, I have a guess!",æ¯ç«¥å¹´,3 (Neutral),I did not use any strategies / I'm not sure if I used any strategies / I went with my intuition.,,,2 (Easy),,"Yes, I have a guess!",é›¨å¥³æ— ç“œ,5 (Very confident),I asked AI tools to help me guess the neologism (e.g. ChatGPT).,,,3 (Neither easy nor hard),,"Yes, I have a guess!",æ‰“å·¥é­‚,5 (Very confident),I asked AI tools to help me guess the neologism (e.g. ChatGPT).,,,3 (Neither easy nor hard),,"Yes, I have a guess!",å¤–å†·å†…çƒ­,3 (Neutral),I asked AI tools to help me guess the neologism (e.g. ChatGPT).,,,3 (Neither easy nor hard),,"Yes, I have a guess!",é˜³åº·,5 (Very confident),I did not use any strategies / I'm not sure if I used any strategies / I went with my intuition.,,,2 (Easy),,"Yes, I have a guess!",ç”˜è”—å¥³,5 (Very confident),I asked AI tools to help me guess the neologism (e.g. ChatGPT).,,,5 (Very hard),,"Yes, I have a guess!",å€”å¼ºå¼å•èº«,3 (Neutral),I asked AI tools to help me guess the neologism (e.g. ChatGPT).,,,4 (Hard),,"Yes, I have a guess!",ç”˜è”—ç”·,5 (Very confident),I recalled similar-sounding or similarly structured words I already know.,,,1 (Very easy),,"Yes, I have a guess!",ä¸Šå¤´,5 (Very confident),I asked AI tools to help me guess the neologism (e.g. ChatGPT).,,,3 (Neither easy nor hard),,"Yes, I have a guess!",èµ¢éº»äº†,4 (Confident),I did not use any strategies / I'm not sure if I used any strategies / I went with my intuition.,,,2 (Easy),,"Yes, I have a guess!",åŸå¹´äºº,3 (Neutral),I asked AI tools to help me guess the neologism (e.g. ChatGPT).,,,5 (Very hard),,"Yes, I have a guess!",ç”µå­æ¦¨èœ,4 (Confident),I did not use any strategies / I'm not sure if I used any strategies / I went with my intuition.,,,2 (Easy),,"Yes, I have a guess!",æè¾…ç—‡,4 (Confident),I asked AI tools to help me guess the neologism (e.g. ChatGPT).,,,4 (Hard),,"Yes, I have a guess!",æ™®ä¿¡ç”·,4 (Confident),I did not use any strategies / I'm not sure if I used any strategies / I went with my intuition.,,,2 (Easy),
ZH-S,2025-04-01 12:39:17,2025-04-01 13:04:34,1517,1998,monster,"Not yet, but maybe next time.",,,I did not use any strategies / I'm not sure if I used any strategies / I went with my intuition.,,,3 (Neither easy nor hard),,"Yes, I have a guess!",ç§‘æŠ€ä¸ç‹ æ´»,3 (Neutral),I did not use any strategies / I'm not sure if I used any strategies / I went with my intuition.,,,3 (Neither easy nor hard),,"Not yet, but maybe next time.",,,I did not use any strategies / I'm not sure if I used any strategies / I went with my intuition.,,,4 (Hard),,"Yes, I have a guess!",æ‹çˆ±è„‘,4 (Confident),I did not use any strategies / I'm not sure if I used any strategies / I went with my intuition.,,,2 (Easy),,"Not yet, but maybe next time.",,,I did not use any strategies / I'm not sure if I used any strategies / I went with my intuition.,,,4 (Hard),,"Yes, I have a guess!",æ “Q,5 (Very confident),I did not use any strategies / I'm not sure if I used any strategies / I went with my intuition.,,,1 (Very easy),,"Not yet, but maybe next time.",,,I did not use any strategies / I'm not sure if I used any strategies / I went with my intuition.,,,4 (Hard),,"Not yet, but maybe next time.",,,I did not use any strategies / I'm not sure if I used any strategies / I went with my intuition.,,,5 (Very hard),,"Yes, I have a guess!",å°¾æ¬¾äºº,4 (Confident),I did not use any strategies / I'm not sure if I used any strategies / I went with my intuition.,,,3 (Neither easy nor hard),,"Yes, I have a guess!",å¦ˆå¦ˆç²‰,5 (Very confident),I did not use any strategies / I'm not sure if I used any strategies / I went with my intuition.,,,1 (Very easy),,"Not yet, but maybe next time.",,,I did not use any strategies / I'm not sure if I used any strategies / I went with my intuition.,,,4 (Hard),,"Yes, I have a guess!",å›å¿†æ€,3 (Neutral),I did not use any strategies / I'm not sure if I used any strategies / I went with my intuition.,,,3 (Neither easy nor hard),,"Yes, I have a guess!",ä¸ä½ æ— ç“œ,4 (Confident),I did not use any strategies / I'm not sure if I used any strategies / I went with my intuition.,,,2 (Easy),,"Yes, I have a guess!",æ‰“å·¥äººæ‰“å·¥é­‚,4 (Confident),I did not use any strategies / I'm not sure if I used any strategies / I went with my intuition.,,,3 (Neither easy nor hard),,"Yes, I have a guess!",å¤–å†·å†…çƒ­,2 (Unconfident),I did not use any strategies / I'm not sure if I used any strategies / I went with my intuition.,,,4 (Hard),,"Yes, I have a guess!",é˜³åº·,4 (Confident),I did not use any strategies / I'm not sure if I used any strategies / I went with my intuition.,,,2 (Easy),,"Not yet, but maybe next time.",,,I did not use any strategies / I'm not sure if I used any strategies / I went with my intuition.,,,4 (Hard),,"Yes, I have a guess!",å€”å¼ºå¼å•èº«,3 (Neutral),I recalled similar-sounding or similarly structured words I already know.,,,3 (Neither easy nor hard),,"Yes, I have a guess!",ç”˜è”—ç”·,4 (Confident),I did not use any strategies / I'm not sure if I used any strategies / I went with my intuition.,,,2 (Easy),,"Yes, I have a guess!",çˆ±äº†,3 (Neutral),I recalled my past memories of communicating using this term.,,,3 (Neither easy nor hard),,"Yes, I have a guess!",èµ¢éº»äº†,4 (Confident),I recalled my past memories of communicating using this term.,,,2 (Easy),,"Yes, I have a guess!",åŸå¹´äºº,4 (Confident),I searched online (e.g. Google).,,,3 (Neither easy nor hard),,"Yes, I have a guess!",ç”µå­æ¦¨èœ,4 (Confident),I recalled my past memories of communicating using this term.,,,2 (Easy),,"Not yet, but maybe next time.",,,I did not use any strategies / I'm not sure if I used any strategies / I went with my intuition.,,,4 (Hard),,"Yes, I have a guess!",æ™®ä¿¡ç”·,5 (Very confident),"I recalled similar-sounding or similarly structured words I already know.,I recalled my past memories of communicating using this term.",,,1 (Very easy),
ZH-S,2025-04-01 17:01:00,2025-04-01 21:32:11,16270,1996,paiheng,"Not yet, but maybe next time.",,,I recalled similar-sounding or similarly structured words I already know.,,,3 (Neither easy nor hard),,"Not yet, but maybe next time.",,,I recalled similar-sounding or similarly structured words I already know.,,,4 (Hard),æˆ‘æ„Ÿè§‰å¾ˆç†Ÿæ‚‰ä½†æ˜¯æ²¡æœ‰æƒ³å‡ºæ¥æ˜¯å“ªä¸ªè¯,"Not yet, but maybe next time.",,,I did not use any strategies / I'm not sure if I used any strategies / I went with my intuition.,,,5 (Very hard),,"Yes, I have a guess!",æ‹çˆ±è„‘,4 (Confident),Others,æ ¹æ®æä¾›çš„å«ä¹‰,,1 (Very easy),,"Yes, I have a guess!",æŠ¥å¤æ€§ç†¬å¤œ,3 (Neutral),I did not use any strategies / I'm not sure if I used any strategies / I went with my intuition.,,,3 (Neither easy nor hard),,"Yes, I have a guess!",æ‹´Q,4 (Confident),"I recalled my past memories of communicating using this term.,Others",æˆ‘å›å¿†æˆ‘é‡åˆ°è¿™ä¸ªè¯çš„åœºæ™¯,,2 (Easy),,"Not yet, but maybe next time.",,,I did not use any strategies / I'm not sure if I used any strategies / I went with my intuition.,,,5 (Very hard),,"Not yet, but maybe next time.",,,I did not use any strategies / I'm not sure if I used any strategies / I went with my intuition.,,,5 (Very hard),,"Not yet, but maybe next time.",,,I did not use any strategies / I'm not sure if I used any strategies / I went with my intuition.,,,5 (Very hard),,"Yes, I have a guess!",å¦ˆå¦ˆç²‰,2 (Unconfident),I did not use any strategies / I'm not sure if I used any strategies / I went with my intuition.,,,3 (Neither easy nor hard),,"Yes, I have a guess!",æˆ‘çš„çœ¼ç›å°±æ˜¯å°º,4 (Confident),I did not use any strategies / I'm not sure if I used any strategies / I went with my intuition.,,,2 (Easy),,"Yes, I have a guess!",æ¯ç«¥å¹´,4 (Confident),Others,æ ¹æ®æä¾›çš„å«ä¹‰,,2 (Easy),,"Yes, I have a guess!",ä¸ä½ æ— ç“œ,3 (Neutral),I recalled similar-sounding or similarly structured words I already know.,,,2 (Easy),,"Not yet, but maybe next time.",,,I did not use any strategies / I'm not sure if I used any strategies / I went with my intuition.,,,4 (Hard),,"Not yet, but maybe next time.",,,I did not use any strategies / I'm not sure if I used any strategies / I went with my intuition.,,,4 (Hard),,"Yes, I have a guess!",é˜³åº·,3 (Neutral),I did not use any strategies / I'm not sure if I used any strategies / I went with my intuition.,,,3 (Neither easy nor hard),,"Yes, I have a guess!",æ¸£ç”·,4 (Confident),I did not use any strategies / I'm not sure if I used any strategies / I went with my intuition.,,,2 (Easy),,"Not yet, but maybe next time.",,,I did not use any strategies / I'm not sure if I used any strategies / I went with my intuition.,,,4 (Hard),,"Yes, I have a guess!",æ¸£ç”·,4 (Confident),I did not use any strategies / I'm not sure if I used any strategies / I went with my intuition.,,,2 (Easy),,"Not yet, but maybe next time.",,,I did not use any strategies / I'm not sure if I used any strategies / I went with my intuition.,,,5 (Very hard),,"Yes, I have a guess!",èµ¢éº»äº†,4 (Confident),I did not use any strategies / I'm not sure if I used any strategies / I went with my intuition.,,,4 (Hard),,"Not yet, but maybe next time.",,,I did not use any strategies / I'm not sure if I used any strategies / I went with my intuition.,,,4 (Hard),,"Yes, I have a guess!",ä¸‹é¥­,2 (Unconfident),I did not use any strategies / I'm not sure if I used any strategies / I went with my intuition.,,,3 (Neither easy nor hard),,"Not yet, but maybe next time.",,,I did not use any strategies / I'm not sure if I used any strategies / I went with my intuition.,,,3 (Neither easy nor hard),,"Yes, I have a guess!",æ™®ä¿¡ç”·,5 (Very confident),I did not use any strategies / I'm not sure if I used any strategies / I went with my intuition.,,,1 (Very easy),
ZH-S,2025-04-01 22:31:46,2025-04-01 22:58:07,1580,1995,Bruce,"Yes, I have a guess!",ç»ç»å­,3 (Neutral),I did not use any strategies / I'm not sure if I used any strategies / I went with my intuition.,,,3 (Neither easy nor hard),,"Not yet, but maybe next time.",,,I did not use any strategies / I'm not sure if I used any strategies / I went with my intuition.,,,4 (Hard),,"Not yet, but maybe next time.",,,I did not use any strategies / I'm not sure if I used any strategies / I went with my intuition.,,,3 (Neither easy nor hard),,"Yes, I have a guess!",æ‹çˆ±è„‘,4 (Confident),I did not use any strategies / I'm not sure if I used any strategies / I went with my intuition.,,,1 (Very easy),,"Not yet, but maybe next time.",,,I did not use any strategies / I'm not sure if I used any strategies / I went with my intuition.,,,4 (Hard),,"Not yet, but maybe next time.",,,Others,,,3 (Neither easy nor hard),,"Not yet, but maybe next time.",,,Others,,,3 (Neither easy nor hard),,"Not yet, but maybe next time.",,,Others,,,3 (Neither easy nor hard),,"Not yet, but maybe next time.",,,Others,,,3 (Neither easy nor hard),,"Not yet, but maybe next time.",,,Others,,,3 (Neither easy nor hard),,"Not yet, but maybe next time.",,,Others,,,3 (Neither easy nor hard),,"Yes, I have a guess!",æ¯ç«¥å¹´,2 (Unconfident),I recalled my past memories of communicating using this term.,,,4 (Hard),,"Yes, I have a guess!",é›¨å¥³æ— ç“œ,5 (Very confident),I searched online (e.g. Google).,,,3 (Neither easy nor hard),,"Not yet, but maybe next time.",,,Others,,,3 (Neither easy nor hard),,"Yes, I have a guess!",è‡ªç„¶ç†Ÿ,2 (Unconfident),I did not use any strategies / I'm not sure if I used any strategies / I went with my intuition.,,,3 (Neither easy nor hard),,"Yes, I have a guess!",é˜³åº·,2 (Unconfident),Others,,,3 (Neither easy nor hard),,"Yes, I have a guess!",æ¸£ç”·,4 (Confident),I did not use any strategies / I'm not sure if I used any strategies / I went with my intuition.,,,2 (Easy),,"Not yet, but maybe next time.",,,Others,,,3 (Neither easy nor hard),,"Yes, I have a guess!",æ¸£ç”·,5 (Very confident),I did not use any strategies / I'm not sure if I used any strategies / I went with my intuition.,,,1 (Very easy),,"Not yet, but maybe next time.",,,Others,,,3 (Neither easy nor hard),,"Yes, I have a guess!",èµ¢éº»äº†,5 (Very confident),I did not use any strategies / I'm not sure if I used any strategies / I went with my intuition.,,,1 (Very easy),,"Not yet, but maybe next time.",,,Others,,,3 (Neither easy nor hard),,"Yes, I have a guess!",æ•°å­—æ¦¨èœ,4 (Confident),I did not use any strategies / I'm not sure if I used any strategies / I went with my intuition.,,,2 (Easy),,"Not yet, but maybe next time.",,,Others,,,3 (Neither easy nor hard),,"Yes, I have a guess!",æ™®ä¿¡ç”·,5 (Very confident),I did not use any strategies / I'm not sure if I used any strategies / I went with my intuition.,,,1 (Very easy),
ZH-S,2025-03-31 21:14:17,2025-04-01 23:32:41,94703,1998,duany12,"Yes, I have a guess!",ç»ç»å­,4 (Confident),I recalled my past memories of communicating using this term.,,,3 (Neither easy nor hard),,"Yes, I have a guess!",å¡‘æ–™,2 (Unconfident),I did not use any strategies / I'm not sure if I used any strategies / I went with my intuition.,,,4 (Hard),,"Yes, I have a guess!",ä½›ç³»,5 (Very confident),I recalled my past memories of communicating using this term.,,,1 (Very easy),,"Yes, I have a guess!",æ‹çˆ±è„‘,5 (Very confident),I recalled my past memories of communicating using this term.,,,1 (Very easy),,"Yes, I have a guess!",å¤œçŒ«å­,4 (Confident),I recalled my past memories of communicating using this term.,,,2 (Easy),,"Yes, I have a guess!",3Q,4 (Confident),I recalled similar-sounding or similarly structured words I already know.,,,3 (Neither easy nor hard),,"Not yet, but maybe next time.",,,I did not use any strategies / I'm not sure if I used any strategies / I went with my intuition.,,,4 (Hard),,"Not yet, but maybe next time.",,,I recalled my past memories of communicating using this term.,,,4 (Hard),,"Not yet, but maybe next time.",,,I recalled my past memories of communicating using this term.,,,4 (Hard),,"Not yet, but maybe next time.",,,I recalled my past memories of communicating using this term.,,,3 (Neither easy nor hard),,"Yes, I have a guess!",æˆ‘çš„çœ¼ç›å°±æ˜¯å°º,5 (Very confident),I recalled similar-sounding or similarly structured words I already know.,,,1 (Very easy),,"Yes, I have a guess!",æ¯ç«¥å¹´,5 (Very confident),I did not use any strategies / I'm not sure if I used any strategies / I went with my intuition.,,,1 (Very easy),,"Yes, I have a guess!",é›¨å¥³æ— ç“œ,5 (Very confident),I recalled similar-sounding or similarly structured words I already know.,,,1 (Very easy),,"Yes, I have a guess!",æ‰“å·¥é­‚,5 (Very confident),I recalled my past memories of communicating using this term.,,,2 (Easy),,"Yes, I have a guess!",å¥½å†·,4 (Confident),I recalled my past memories of communicating using this term.,,,1 (Very easy),,"Yes, I have a guess!",æ¨åº·,5 (Very confident),I recalled similar-sounding or similarly structured words I already know.,,,1 (Very easy),,"Yes, I have a guess!",å‡¤å‡°ç”·,4 (Confident),I did not use any strategies / I'm not sure if I used any strategies / I went with my intuition.,,,2 (Easy),,"Yes, I have a guess!",å•èº«ç‹—,2 (Unconfident),I recalled my past memories of communicating using this term.,,,4 (Hard),,"Yes, I have a guess!",ç”˜è”—ç”·,5 (Very confident),I did not use any strategies / I'm not sure if I used any strategies / I went with my intuition.,,,1 (Very easy),,"Yes, I have a guess!",å¿ƒæ°´,5 (Very confident),"I did not use any strategies / I'm not sure if I used any strategies / I went with my intuition.,I recalled similar-sounding or similarly structured words I already know.",,,3 (Neither easy nor hard),,"Yes, I have a guess!",èµ¢éº»äº†,5 (Very confident),I recalled my past memories of communicating using this term.,,,2 (Easy),,"Not yet, but maybe next time.",,,I did not use any strategies / I'm not sure if I used any strategies / I went with my intuition.,,,4 (Hard),,"Yes, I have a guess!",ä¸‹é¥­è§†é¢‘,5 (Very confident),I recalled my past memories of communicating using this term.,,,1 (Very easy),,"Not yet, but maybe next time.",,,I did not use any strategies / I'm not sure if I used any strategies / I went with my intuition.,,,5 (Very hard),,"Yes, I have a guess!",æ™®ä¿¡ç”·,5 (Very confident),I did not use any strategies / I'm not sure if I used any strategies / I went with my intuition.,,,1 (Very easy),